spec,model,n,AAR_OR,ci_lo,ci_hi,p
scanner_robust,crude,192,1.8742793993715205,1.2622726871145982,2.8646008000706322,0.0014369387711750561
scanner_robust,adj_age,192,2.02775839537467,1.3305874904379236,3.190566348097286,0.0007220163774573458
scanner_robust,adj_age_sex_asa,192,1.8570157247463062,1.1886144470066604,2.9859855836719644,0.006117353286935644
