spec,n,lambda,age_R2,MAE,corr_aar_age
scanner_robust,192,30.0,0.22439761296670702,8.479669183905996,-6.785124100681737e-16
intensity_ratio_only,192,3.0,0.22959553408444422,8.69545885316699,-4.996078110522827e-17
volume_only,193,100.0,0.11371720387853346,9.125567645238744,1.9328551845558067e-15
