spec,n,AAR_OR,ci_lo,ci_hi,p
scanner_robust,192,1.840365408838287,1.1791857154666592,2.9546758115094245,0.006787123944408849
intensity_ratio_only,192,2.1163567064371334,1.4002103167347695,3.3217184224920917,0.000267789563295208
volume_only,193,1.0081201727469127,0.7025063062003732,1.5736253437261374,0.9691785267555191
