{
  "positive_range_lo": 0.05,
  "positive_range_hi": 0.7900000000000001,
  "mean_gain_vs_treat_all_10_40": 0.11350012737083463,
  "extra_tp_per_100": 11.350012737083464
}