{
  "mean_delta_nb_10_40": 0.0018322689878192398,
  "extra_tp_per_100": 0.18322689878192397,
  "prob_delta_positive": 0.5895
}