{
  "auc_clinical_cv": 0.708437270726339,
  "auc_plus_aar_cv": 0.745854732208364,
  "delta_auc": 0.03741746148202496,
  "ci_lo": -0.002585817601651877,
  "ci_hi": 0.07815602772849899,
  "prob_positive": 0.9665,
  "n": 192
}