{
  "n": 205,
  "events": 51,
  "event_rate": 0.24878048780487805,
  "leak_free": true,
  "seed": 20260518,
  "epv_M2": 4.636363636363637
}