{
  "corr_aar_year": 0.0282679703624964,
  "corr_p": 0.6971189331995831,
  "n": 192,
  "aar_or_adj_year": 1.8998572924416992,
  "ci_lo": 1.1851709894496785,
  "ci_hi": 3.146839982063943,
  "p": 0.007048437611414727,
  "year_min": 2012,
  "year_max": 2026
}